category_path,code,article,name,unit,available,reserved,expected,stock,cost_price,cost_amount,sale_price,sale_amount,margin_percent,source_page
3.Сопутствующие товары 5%,00177165698918,,Шар сердце,шт,55.00,8.00,0.00,63.00,66.10,4164.30,350.00,22050.00,85.73,1
3.Сопутствующие товары 5%,00177165698968,,упаковка крафт для тюльпанов,шт,279.00,0.00,0.00,279.00,13.23,3692.16,35.00,9765.00,95.02,1
3.Сопутствующие товары 5%,00177165698969,,упаковка для тюльпанов цветочная,шт,110.00,0.00,0.00,110.00,29.13,3204.57,220.00,24200.00,95.02,1
3.Сопутствующие товары 5%,00177165699035,,поддон для оазиса,шт,50.00,0.00,0.00,50.00,48.81,2440.29,110.00,5500.00,7.90,1
3.Сопутствующие товары 5%,00177165698902,,пластиковый бокс прозрачный,шт,9.00,0.00,0.00,9.00,1363.80,12274.23,2990.00,26910.00,95.02,1
3.Сопутствующие товары 5%,00177165699042,,пакет конус,шт,53.00,0.00,0.00,53.00,75.63,4008.33,170.00,9010.00,7.90,1
3.Сопутствующие товары 5%,00177165698892,,пакет для ведер,шт,50.00,0.00,0.00,50.00,45.21,2260.28,100.00,5000.00,95.02,1
3.Сопутствующие товары 5%,00177165698955,,Луна стойка,шт,24.00,0.00,0.00,24.00,300.00,7200.00,650.00,15600.00,80.00,1
3.Сопутствующие товары 5%,00177165698956,,Луна из форекса,шт,10.00,0.00,0.00,10.00,250.00,2500.00,550.00,5500.00,80.00,1
3.Сопутствующие товары 5%,00177165698945,,коробка бренд 31 см,шт,31.00,1.00,0.00,32.00,310.00,9920.00,690.00,22080.00,84.71,1
3.Сопутствующие товары 5%,00177165698901,,корзина кружево,шт,32.00,0.00,0.00,32.00,255.16,8165.14,560.00,17920.00,95.02,1
3.Сопутствующие товары 5%,00170,,Конверт крафт,шт,68.00,0.00,0.00,68.00,18.04,1226.97,50.00,3400.00,95.02,1
3.Сопутствующие товары 5%,00169,,Конверт,шт,35.00,0.00,0.00,35.00,10.00,350.00,20.00,700.00,148.72,1
3.Сопутствующие товары 5%,00177030,,Клипсы *бутоньерка,шт,-2.00,1.00,0.00,-1.00,0.00,0.00,50.00,-50.00,0.00,1
3.Сопутствующие товары 5%,00177165698900,,каркас полумесяц,шт,11.00,0.00,0.00,11.00,740.03,8140.36,1625.00,17875.00,95.02,1
3.Сопутствующие товары 5%,00177165698898,,ведро,шт,20.00,0.00,0.00,20.00,274.95,5499.01,605.00,12100.00,95.02,1
3.Сопутствующие товары 5%,00177165699036,,вазы цветочные (набор),шт,2.00,0.00,0.00,2.00,2010.72,4021.44,3900.00,7800.00,7.90,1
3.Сопутствующие товары 5%,00177165698907,,ваза цветочная,шт,1.00,0.00,0.00,1.00,1231.60,1231.60,2700.00,2700.00,95.02,1
3.Сопутствующие товары 5%,00177165698905,,ваза розовая,шт,9.00,0.00,0.00,9.00,1401.65,12614.89,2950.00,26550.00,7.90,1
3.Сопутствующие товары 5%,00177165698908,,ваза радужная,шт,1.00,0.00,0.00,1.00,2574.21,2574.21,5640.00,5640.00,95.02,1
3.Сопутствующие товары 5%,00177165699040,,ваза зеленая прозрачная,шт,2.00,0.00,0.00,2.00,1887.70,3775.39,4150.00,8300.00,7.90,1
3.Сопутствующие товары 5%,00177165698909,,ваза зеленая волна,шт,2.00,0.00,0.00,2.00,2515.44,5030.88,5510.00,11020.00,95.02,1
3.Сопутствующие товары 5%,00177165698910,,ваза желтая,шт,1.00,0.00,0.00,1.00,1876.28,1876.28,4110.00,4110.00,95.02,1
3.Сопутствующие товары 5%,00177165698853,,ваза для амариллиса BIG,шт,5.00,0.00,0.00,5.00,1873.00,9365.00,3950.00,19750.00,135.88,1
3.Сопутствующие товары 5%,00177165699041,,ваза белая (набор),шт,2.00,0.00,0.00,2.00,1962.32,3924.63,4300.00,8600.00,7.90,1
3.Сопутствующие товары 5%,00177165698953,,Бокс для лун-стоек,шт,43.00,0.00,0.00,43.00,366.67,15766.69,800.00,34400.00,95.02,1
3.Сопутствующие товары 5%,00177165698954,,Бокс для лежачих лун,шт,22.00,0.00,0.00,22.00,455.07,10011.53,1100.00,24200.00,95.02,1
3.Сопутствующие товары 5%/Ваза,00177165698807,,чаша для луковиц амариллиса,шт,1.00,0.00,0.00,1.00,830.00,830.00,1800.00,1800.00,148.43,1
3.Сопутствующие товары 5%/Ваза,00177165698784,,ваза Пузырьки,шт,2.00,0.00,0.00,2.00,830.00,1660.00,1800.00,3600.00,151.31,1
3.Сопутствующие товары 5%/Ваза,00177165698702,,Ваза пластик М 40см,шт,44.00,1.00,0.00,45.00,473.94,21327.34,1050.00,47250.00,7.90,1
3.Сопутствующие товары 5%/Ваза,00177165698765,,ваза пластик 30 см,шт,32.00,0.00,0.00,32.00,347.44,11118.04,770.00,24640.00,16.86,1
3.Сопутствующие товары 5%/Ваза,00177165698782,,ваза Кувшин 2,шт,1.00,0.00,0.00,1.00,1370.00,1370.00,3000.00,3000.00,151.31,1
3.Сопутствующие товары 5%/Ваза,00177165698781,,ваза Кувшин 1,шт,-1.00,0.00,0.00,-1.00,0.00,0.00,2870.00,-2870.00,0.00,1
3.Сопутствующие товары 5%/Ваза,00177165698780,,ваза Кубики,шт,1.00,0.00,0.00,1.00,712.00,712.00,1570.00,1570.00,148.43,1
3.Сопутствующие товары 5%/Ваза,00177165698779,,ваза Коричневая,шт,2.00,0.00,0.00,2.00,2265.00,4530.00,4950.00,9900.00,151.31,2
3.Сопутствующие товары 5%/Ваза,00177165698778,,ваза Корица 2,шт,2.00,0.00,0.00,2.00,2240.00,4480.00,4900.00,9800.00,151.31,2
3.Сопутствующие товары 5%/Ваза,00177165698777,,ваза Корица 1,шт,2.00,0.00,0.00,2.00,2712.00,5424.00,5950.00,11900.00,151.31,2
3.Сопутствующие товары 5%/Ваза,00177165698826,,ваза клубничка,шт,6.00,0.00,0.00,6.00,2041.98,12251.88,4450.00,26700.00,7.90,2
3.Сопутствующие товары 5%/Ваза,00177165698827,,ваза керамика маленькая,шт,1.00,0.00,0.00,1.00,850.00,850.00,1800.00,1800.00,148.43,2
3.Сопутствующие товары 5%/Ваза,00177165698739,,Ваза зеленая,шт,3.00,0.00,0.00,3.00,1443.46,4330.39,4120.00,12360.00,54.74,2
3.Сопутствующие товары 5%/Ваза,00106,,Ваза Волна,шт,2.00,0.00,0.00,2.00,965.00,1930.00,1400.00,2800.00,543.91,2
3.Сопутствующие товары 5%/Ваза,00177165698738,,Ваза бежевая,шт,5.00,0.00,0.00,5.00,794.00,3970.00,1800.00,9000.00,284.94,2
3.Сопутствующие товары 5%/Ваза,00177165698768,,BIG ваза 3,шт,1.00,0.00,0.00,1.00,2600.00,2600.00,5700.00,5700.00,151.31,2
"3.Сопутствующие товары 5%/Кензан , чаша",00086,,Чаша чёрная,шт,2.00,0.00,0.00,2.00,438.00,876.00,1000.00,2000.00,543.91,2
"3.Сопутствующие товары 5%/Кензан , чаша",00177165698642,,Пакет-переноска,шт,30.00,0.00,0.00,30.00,196.67,5900.00,300.00,9000.00,347.59,2
"3.Сопутствующие товары 5%/Кензан , чаша",00093,,Кензан прямоугольный маленький,шт,-1.00,0.00,0.00,-1.00,0.00,0.00,650.00,-650.00,0.00,2
"3.Сопутствующие товары 5%/Кензан , чаша",00094,,Кензан прямоугольный большой,шт,-1.00,0.00,0.00,-1.00,0.00,0.00,860.00,-860.00,0.00,2
"3.Сопутствующие товары 5%/Коробки, корзины",00177165698809,,ящик для фруктов М,шт,1.00,0.00,0.00,1.00,560.00,560.00,1230.00,1230.00,148.43,2
"3.Сопутствующие товары 5%/Коробки, корзины",00177165698808,,ящик для фруктов L,шт,2.00,0.00,0.00,2.00,640.00,1280.00,1300.00,2600.00,148.43,2
"3.Сопутствующие товары 5%/Коробки, корзины",00177165698700,,Плетеная сумка SMALL,шт,7.00,0.00,0.00,7.00,184.25,1289.75,400.00,2800.00,352.92,2
"3.Сопутствующие товары 5%/Коробки, корзины",00177165698699,,Плетеная сумка BIG,шт,2.00,0.00,0.00,2.00,515.00,1030.00,1030.00,2060.00,352.92,2
"3.Сопутствующие товары 5%/Коробки, корзины",00177165698800,,коробка бренд 28 см,шт,16.00,0.00,0.00,16.00,620.00,9920.00,1250.00,20000.00,150.88,2
"3.Сопутствующие товары 5%/Коробки, корзины",00177165698799,,коробка бренд 26 см,шт,8.00,0.00,0.00,8.00,484.00,3872.00,1100.00,8800.00,151.23,2
"3.Сопутствующие товары 5%/Коробки, корзины",00177165698797,,коробка бренд 26 см,шт,14.00,0.00,0.00,14.00,483.00,6762.00,1100.00,15400.00,151.31,2
"3.Сопутствующие товары 5%/Коробки, корзины",00177165698817,,коробка be happy S,шт,-7.00,0.00,0.00,-7.00,0.00,0.00,250.00,-1750.00,0.00,2
"3.Сопутствующие товары 5%/Коробки, корзины",00177165698816,,коробка be happy M,шт,-1.00,0.00,0.00,-1.00,0.00,0.00,370.00,-370.00,0.00,2
"3.Сопутствующие товары 5%/Коробки, корзины",00177165698815,,коробка be happy L,шт,1.00,0.00,0.00,1.00,220.00,220.00,480.00,480.00,148.43,2
"3.Сопутствующие товары 5%/Коробки, корзины",00177165698818,,корзина мини круг,шт,3.00,0.00,0.00,3.00,350.00,1050.00,800.00,2400.00,148.43,2
"3.Сопутствующие товары 5%/Коробки, корзины",00177165698871,,корзина круг 40 см,шт,-8.00,0.00,0.00,-8.00,0.00,0.00,1450.00,-11600.00,0.00,2
"3.Сопутствующие товары 5%/Коробки, корзины",00177165698870,,корзина круг 30 см,шт,-1.00,0.00,0.00,-1.00,0.00,0.00,880.00,-880.00,0.00,2
"3.Сопутствующие товары 5%/Коробки, корзины",00177165698868,,корзина круг 20 см,шт,3.00,0.00,0.00,3.00,432.78,1298.35,760.00,2280.00,95.96,2
"3.Сопутствующие товары 5%/Коробки, корзины",00177165698792,,корзина крафт М,шт,1.00,0.00,0.00,1.00,380.00,380.00,1140.00,1140.00,151.31,2
"3.Сопутствующие товары 5%/Коробки, корзины",00177165698812,,корзина гигант 1м,шт,-2.00,0.00,0.00,-2.00,0.00,0.00,5500.00,-11000.00,0.00,2
"3.Сопутствующие товары 5%/Коробки, корзины",00177165698811,,Корзина XXXL,шт,1.00,0.00,0.00,1.00,4575.82,4575.82,2000.00,2000.00,63.62,2
"3.Сопутствующие товары 5%/Коробки, корзины",00122,,Корзина XXL,шт,-6.00,0.00,0.00,-6.00,0.00,0.00,2400.00,-14400.00,0.00,2
"3.Сопутствующие товары 5%/Коробки, корзины",00121,,Корзина XL,шт,3.00,0.00,0.00,3.00,800.00,2400.00,1500.00,4500.00,462.83,2
"3.Сопутствующие товары 5%/Коробки, корзины",00119,,Корзина S,шт,10.00,0.00,0.00,10.00,308.03,3080.27,540.00,5400.00,80.10,2
"3.Сопутствующие товары 5%/Коробки, корзины",00120,,Корзина L,шт,-3.00,0.00,0.00,-3.00,0.00,0.00,2400.00,-7200.00,0.00,2
"3.Сопутствующие товары 5%/Коробки, корзины",00177165698790,,корзина 60 см,шт,-3.00,0.00,0.00,-3.00,0.00,0.00,3000.00,-9000.00,0.00,2
"3.Сопутствующие товары 5%/Коробки, корзины",00177165698789,,корзина 25 см,шт,1.00,0.00,0.00,1.00,253.52,253.52,1050.00,1050.00,70.76,2
"3.Сопутствующие товары 5%/Коробки, корзины",00115,,Кашпо S,шт,27.00,0.00,0.00,27.00,367.70,9928.01,720.00,19440.00,101.52,2
"3.Сопутствующие товары 5%/Коробки, корзины",00116,,Кашпо M,шт,36.00,0.00,0.00,36.00,467.72,16837.84,920.00,33120.00,138.66,2
"3.Сопутствующие товары 5%/Коробки, корзины",00117,,Кашпо L,шт,4.00,0.00,0.00,4.00,664.69,2658.76,1500.00,6000.00,658.44,2
"3.Сопутствующие товары 5%/Коробки, корзины",00177165698787,,зонтик,шт,13.00,0.00,0.00,13.00,270.00,3510.00,580.00,7540.00,151.31,2
"3.Сопутствующие товары 5%/Коробки, корзины",00153,,Деревянный ящик S,шт,7.00,0.00,0.00,7.00,342.86,2400.00,650.00,4550.00,445.11,2
"3.Сопутствующие товары 5%/Коробки, корзины",00155,,Деревянный ящик M,шт,35.00,0.00,0.00,35.00,400.00,14000.00,850.00,29750.00,437.28,2
"3.Сопутствующие товары 5%/Коробки, корзины",00154,,Деревянный ящик L,шт,22.00,0.00,0.00,22.00,645.45,14200.00,1500.00,33000.00,458.92,2
"3.Сопутствующие товары 5%/Коробки, корзины",00177165698773,,бокс для елочек,шт,23.00,0.00,0.00,23.00,235.30,5411.85,540.00,12420.00,136.89,2
3.Сопутствующие товары 5%/Пакеты,00177165698819,,пакет цветочный M,шт,2.00,0.00,0.00,2.00,65.00,130.00,150.00,300.00,148.43,3
3.Сопутствующие товары 5%/Пакеты,00177165698820,,пакет-мини,шт,4.00,0.00,0.00,4.00,40.00,160.00,100.00,400.00,148.43,3
3.Сопутствующие товары 5%/Пакеты,00177165698647,,Пакет М,шт,114.00,0.00,0.00,114.00,68.57,7817.00,330.00,37620.00,7.90,3
3.Сопутствующие товары 5%/Пакеты,00177165698804,,пакет S с окошком,шт,15.00,0.00,0.00,15.00,45.00,675.00,100.00,1500.00,151.23,3
3.Сопутствующие товары 5%/Пакеты,00177165698646,,Пакет S,шт,115.00,0.00,0.00,115.00,100.00,11500.00,100.00,11500.00,390.55,3
3.Сопутствующие товары 5%/Пакеты,00177165698803,,пакет L цветочный,шт,173.00,0.00,0.00,173.00,56.00,9688.00,200.00,34600.00,150.09,3
3.Сопутствующие товары 5%/Пакеты,00177165698650,,Пакет L,шт,38.00,0.00,0.00,38.00,176.47,6705.76,385.00,14630.00,7.90,3
3.Сопутствующие товары 5%/Пакеты,00177165698788,,картонная переноска,шт,27.00,0.00,0.00,27.00,261.85,7070.00,570.00,15390.00,34.19,3
3.Сопутствующие товары 5%/Пакеты,00126,,Аквабокс,шт,139.00,0.00,0.00,139.00,57.55,7999.61,90.00,12510.00,63.11,3
3.Сопутствующие товары 5%/Пакеты,00177165698771,,авоська,шт,74.00,0.00,0.00,74.00,92.10,6815.40,220.00,16280.00,151.31,3
3.Сопутствующие товары 5%/Упаковка и лента,00177165698741,,Уп. Переноска для ваз,шт,124.00,0.00,0.00,124.00,218.32,27071.70,450.00,55800.00,24.48,3
3.Сопутствующие товары 5%/Упаковка и лента,00177165698679,,Уп. лист,шт,490.00,31.00,0.00,521.00,8.60,4480.60,160.00,83360.00,3.85,3
3.Сопутствующие товары 5%/Упаковка и лента,00173,,Уп. крафт,шт,381.00,8.00,0.00,389.00,20.00,7780.00,60.00,23340.00,283.42,3
3.Сопутствующие товары 5%/Упаковка и лента,00137,,"Оазис 0,5",шт,-827.00,5.00,0.00,-822.00,0.00,0.00,100.00,-82200.00,0.00,3
3.Сопутствующие товары 5%/Упаковка и лента,00177165698654,,Кризал,шт,490.00,0.00,0.00,490.00,0.00,0.00,0.00,0.00,390.90,3
3.Сопутствующие товары 5%/Упаковка и лента,00177165698786,,жемчуг мелкий,шт,514.00,0.00,0.00,514.00,12.80,6579.20,50.00,25700.00,150.31,3
3.Сопутствующие товары 5%/Упаковка и лента,00177165698785,,жемчуг крупный,шт,41.00,0.00,0.00,41.00,74.00,3034.00,160.00,6560.00,149.23,3
3.Сопутствующие товары 5%/Упаковка и лента,00177165698665,,Варежки,шт,5.00,0.00,0.00,5.00,0.00,0.00,0.00,0.00,390.90,3
Базовый цветок 65%,00021,,Эустома,шт,110.00,36.00,0.00,146.00,88.32,12894.68,330.00,48180.00,4.18,3
Базовый цветок 65%,00023,,Хризантема одноголовая Момока,шт,-40.00,75.00,0.00,35.00,51.90,1816.41,120.00,4200.00,3.99,3
Базовый цветок 65%,00177165698580,,Хризантема Китай кустовая,шт,5.00,0.00,0.00,5.00,135.00,675.00,310.00,1550.00,1.97,3
Базовый цветок 65%,00177165699034,,тюльпан Голландия,шт,45.00,0.00,0.00,45.00,85.65,3854.03,190.00,8550.00,5.00,3
Базовый цветок 65%,00177165698743,,Тюльпан,шт,-92.00,92.00,0.00,0.00,0.00,0.00,180.00,0.00,0.00,3
Базовый цветок 65%,00177165698697,,Спрей подешевле,шт,125.00,22.00,0.00,147.00,117.71,17302.76,310.00,45570.00,3.64,3
Базовый цветок 65%,00139,,Роза микс 40-70см,шт,88.00,104.00,0.00,192.00,118.77,22803.85,270.00,51840.00,4.81,3
Базовый цветок 65%,00177165698860,,роза Китай,шт,138.00,40.00,0.00,178.00,46.95,8357.10,130.00,23140.00,3.85,3
Базовый цветок 65%,00138,,Роза 80 см,шт,162.00,11.00,0.00,173.00,121.65,21044.62,290.00,50170.00,15.77,3
Базовый цветок 65%,00177165698879,,ранункулюс Китай,шт,-42.00,42.00,0.00,0.00,0.00,0.00,340.00,0.00,0.00,3
Базовый цветок 65%,00177165698861,,подсолнух Китай,шт,155.00,0.00,0.00,155.00,98.05,15198.32,260.00,40300.00,3.99,3
Базовый цветок 65%,00177165699027,,пион местный,шт,141.00,0.00,0.00,141.00,95.74,13500.00,220.00,31020.00,4.37,3
Базовый цветок 65%,00026,,Маттиола\Львиный зев,шт,23.00,31.00,0.00,54.00,49.00,2646.00,180.00,9720.00,3.99,3
Базовый цветок 65%,00177165699031,,люпин,шт,-4.00,0.00,0.00,-4.00,0.00,0.00,160.00,-640.00,0.00,3
Базовый цветок 65%,00177165698858,,лилия,шт,-8.00,9.00,0.00,1.00,370.00,370.00,770.00,770.00,4.84,3
Базовый цветок 65%,00177165699025,,ландыш,шт,2.00,0.00,0.00,2.00,200.00,400.00,440.00,880.00,4.84,3
Базовый цветок 65%,00177165698751,,Калла Китай,шт,-34.00,34.00,0.00,0.00,0.00,0.00,230.00,0.00,0.00,3
Базовый цветок 65%,00177165699044,,ирис,шт,20.00,0.00,0.00,20.00,60.00,1200.00,140.00,2800.00,1.86,3
Базовый цветок 65%,00177165699012,,диантус (грин трик),шт,3.00,0.00,0.00,3.00,90.00,270.00,200.00,600.00,4.84,3
Базовый цветок 65%,00022,,Диантус,шт,298.00,108.00,0.00,406.00,46.68,18952.00,130.00,52780.00,0.90,3
Базовый цветок 65%,00011,,Гортензия мини,шт,-18.00,33.00,0.00,15.00,240.00,3600.00,700.00,10500.00,9.03,3
Базовый цветок 65%/Тюльпаны,00177165698617,,Джамбо пинк,шт,-21.00,21.00,0.00,0.00,0.00,0.00,160.00,0.00,0.00,3
Горшечные цветы,00177165698824,,кипарис мини горшечка,шт,1.00,0.00,0.00,1.00,251.00,251.00,555.00,555.00,148.43,3
Декор 7.5%,00177165698881,,хелеборус,шт,13.00,2.00,0.00,15.00,210.72,3160.80,440.00,6600.00,0.80,3
Декор 7.5%,00005,,Хамелациум,шт,-1.00,1.00,0.00,0.00,0.00,0.00,420.00,0.00,0.00,4
Декор 7.5%,00177165698934,,Фантанезия,шт,12.00,1.00,0.00,13.00,65.15,846.97,110.00,1430.00,10.98,4
Декор 7.5%,00064,,Сирень,шт,-9.00,0.00,0.00,-9.00,0.00,0.00,160.00,-1440.00,0.00,4
Декор 7.5%,00177165698878,,орхидея онцидиум,шт,14.00,0.00,0.00,14.00,139.12,1947.74,320.00,4480.00,9.03,4
Декор 7.5%,00034,,Оксипеталум,шт,10.00,7.00,0.00,17.00,73.89,1256.16,190.00,3230.00,2.98,4
Декор 7.5%,00037,,Леукадендрон,шт,-2.00,2.00,0.00,0.00,0.00,0.00,310.00,0.00,0.00,4
Декор 7.5%,00177165699014,,аллиум,шт,23.00,0.00,0.00,23.00,72.00,1656.00,160.00,3680.00,4.84,4
Зелень 7.5%,00001,,Эвкалипт,шт,-20.00,42.00,0.00,22.00,77.77,1710.83,200.00,4400.00,0.00,4
Зелень 7.5%,00004,,Паникум Фоунтейн,шт,43.00,0.00,0.00,43.00,5.78,248.44,90.00,3870.00,3.99,4
Зелень 7.5%,00177026,,Молюцелла,шт,28.00,0.00,0.00,28.00,76.00,2128.00,155.00,4340.00,1.83,4
Зелень 7.5%,00177165698711,,Малина зелень,шт,-1.00,0.00,0.00,-1.00,0.00,0.00,80.00,-80.00,0.00,4
Зелень 7.5%,00002,,Лимониум,шт,13.00,4.00,0.00,17.00,38.66,657.21,140.00,2380.00,0.00,4
Зелень 7.5%,00040,,Гипсофила местная,шт,10.00,0.00,0.00,10.00,55.81,558.05,120.00,1200.00,15.98,4
Зелень 7.5%,00057,,Вибурнум зеленый,шт,109.00,0.00,0.00,109.00,33.97,3703.21,120.00,13080.00,3.99,4
Зелень 7.5%,00177165698883,,берграс,шт,-1.00,0.00,0.00,-1.00,0.00,0.00,80.00,-80.00,0.00,4
Инвентарь,00177165698891,,фон,шт,2.00,0.00,0.00,2.00,879.00,1758.00,0.00,0.00,95.02,4
Инвентарь,00177165698652,,Фартуки,шт,13.00,0.00,0.00,13.00,0.00,0.00,0.00,0.00,390.90,4
Инвентарь,00177165698704,,Удлинитель(колба),шт,241.00,0.00,0.00,241.00,46.47,11200.00,80.00,19280.00,326.65,4
Инвентарь,00177165698849,,тишью,шт,198.00,0.00,0.00,198.00,8.74,1729.53,0.00,0.00,62.07,4
Инвентарь,00177165698890,,стойка,шт,1.00,0.00,0.00,1.00,2131.19,2131.19,0.00,0.00,95.02,4
Инвентарь,00177165698896,,стикер для конвертов,шт,1.00,0.00,0.00,1.00,377.72,377.72,0.00,0.00,95.02,4
Инвентарь,00177165698851,,степлер,шт,2.00,0.00,0.00,2.00,153.90,307.79,0.00,0.00,137.88,4
Инвентарь,00177165698897,,скрепки,шт,1000.00,0.00,0.00,1000.00,1.70,1695.71,0.00,0.00,95.02,4
Инвентарь,00177165698669,,Скатерть белая,шт,1.00,0.00,0.00,1.00,0.00,0.00,0.00,0.00,390.90,4
Инвентарь,00177165698887,,свечи на батарейках,шт,30.00,0.00,0.00,30.00,150.69,4520.56,0.00,0.00,95.02,4
Инвентарь,00177165698888,,посуда на ресепшн,шт,2.00,0.00,0.00,2.00,958.36,1916.72,0.00,0.00,95.02,4
Инвентарь,00177165698894,,нимбот,шт,1.00,0.00,0.00,1.00,1737.90,1737.90,0.00,0.00,95.02,4
Инвентарь,00177165698895,,лента,шт,-1.00,0.00,0.00,-1.00,0.00,0.00,0.00,0.00,0.00,4
Инвентарь,00177165698893,,лейка,шт,1.00,0.00,0.00,1.00,190.87,190.87,0.00,0.00,95.02,4
Инвентарь,00177165698885,,лампа,шт,5.00,0.00,0.00,5.00,2047.31,10236.56,0.00,0.00,95.02,4
Инвентарь,00177165698658,,Крутящая подставка-доска,шт,24.00,0.00,0.00,24.00,0.00,0.00,0.00,0.00,390.90,4
Инвентарь,00177165698842,,краска для цветов,шт,2.00,0.00,0.00,2.00,513.50,1026.99,0.00,0.00,110.86,4
Инвентарь,00177165698964,,Керамзит,шт,-5.00,0.00,0.00,-5.00,0.00,0.00,100.00,-500.00,0.00,4
Инвентарь,00177165698659,,Диван белый,шт,2.00,0.00,0.00,2.00,0.00,0.00,0.00,0.00,390.90,4
Инвентарь,00177165698886,,гирлянда луна,шт,3.00,0.00,0.00,3.00,1121.77,3365.31,0.00,0.00,95.02,4
Инвентарь,00177165698904,,вазон 40 см,шт,30.00,0.00,0.00,30.00,491.84,14755.11,0.00,0.00,95.02,4
Инвентарь,00177165698653,,Бумага А4,шт,2000.00,0.00,0.00,2000.00,0.00,0.00,0.00,0.00,390.90,4
Инвентарь,00177165698850,,бичевка,шт,5.00,0.00,0.00,5.00,184.68,923.38,0.00,0.00,137.88,4
Новогодние товары,00080,,Шишки,шт,31.00,0.00,0.00,31.00,10.35,320.86,40.00,1240.00,382.70,4
Новогодние товары,00079,,Хлопок,шт,530.00,0.00,0.00,530.00,56.05,29706.86,50.00,26500.00,178.69,4
Новогодние товары,00177165698805,,сосульки,шт,142.00,0.00,0.00,142.00,12.50,1775.00,50.00,7100.00,148.43,4
Новогодние товары,00082,,Корица,шт,206.00,0.00,0.00,206.00,14.01,2886.29,40.00,8240.00,160.57,4
Новогодние товары,00177165698668,,Гирлянда,шт,1.00,0.00,0.00,1.00,0.00,0.00,0.00,0.00,390.90,4
Новогодние товары,00177165698667,,Апельсин,шт,2.00,0.00,0.00,2.00,0.00,0.00,0.00,0.00,390.90,4
Первостепенный цветок 15%,00177165699024,,фритилярия,шт,10.00,0.00,0.00,10.00,424.48,4244.75,930.00,9300.00,5.00,5
Первостепенный цветок 15%,00016,,Пион,шт,428.00,0.00,0.00,428.00,185.10,79222.00,395.00,169060.00,5.22,5
Первостепенный цветок 15%,00177165698874,,Нерине,шт,96.00,0.00,0.00,96.00,252.06,24198.11,560.00,53760.00,5.00,5
Первостепенный цветок 15%,00177165699033,,Джульетта одноголовая,шт,19.00,0.00,0.00,19.00,322.64,6130.19,650.00,12350.00,5.00,5
Первостепенный цветок 15%,00014,,Дельфиниум,шт,8.00,3.00,0.00,11.00,169.35,1862.85,380.00,4180.00,3.99,5
Первостепенный цветок 15%,00012,,Гортензия Китай,шт,58.00,0.00,0.00,58.00,420.16,24369.33,950.00,55100.00,3.87,5
Первостепенный цветок 15%,00177165699032,,гортензия Голландия,шт,11.00,0.00,0.00,11.00,676.59,7442.51,1400.00,15400.00,5.00,5
Первостепенный цветок 15%,00177165698877,,ГЕРБЕРА ГОЛЛАНДИЯ,шт,-8.00,3.00,0.00,-5.00,0.00,0.00,140.00,-700.00,0.00,5
Первостепенный цветок 15%,00010,,Антуриум срезанный,шт,20.00,2.00,0.00,22.00,533.33,11733.23,950.00,20900.00,4.89,5
Сухоцветы,00177165698843,,ягода декор,шт,9.50,0.00,0.00,9.50,104.76,995.24,230.00,2185.00,140.73,5
Сухоцветы,00174,,Хасмантьюм сухоцвет,шт,66.00,0.00,0.00,66.00,118.79,7840.00,170.00,11220.00,417.26,5
Сухоцветы,00074,,Стифа,шт,-210.00,25.00,0.00,-185.00,-3.63,671.82,70.00,-12950.00,0.00,5
Сухоцветы,00177165698764,,пшеница колосок,шт,5.00,0.00,0.00,5.00,7.00,35.00,20.00,100.00,151.31,5
Сухоцветы,00177165698644,,Папоротник сухоцвет,шт,6.00,0.00,0.00,6.00,100.00,600.00,100.00,600.00,390.55,5
Сухоцветы,00177165699020,,озотамнус сухоцвет,шт,5.00,0.00,0.00,5.00,167.82,839.10,320.00,1600.00,34.00,5
Сухоцветы,00075,,Лагурус,шт,356.00,8.00,0.00,364.00,5.52,2010.00,70.00,25480.00,453.46,5
Сухоцветы,00033,,Краспедия,шт,44.00,0.00,0.00,44.00,156.23,6874.00,350.00,15400.00,259.78,5
Сухоцветы,00177165698763,,камыш,шт,11.00,0.00,0.00,11.00,225.00,2475.00,495.00,5445.00,151.31,5
Сухоцветы,00177165698643,,Астильба сухоцвет,шт,56.00,0.00,0.00,56.00,70.00,3920.00,160.00,8960.00,151.31,5
Сухоцветы,00078,,Аспарагус сухоцвет,шт,297.00,0.00,0.00,297.00,182.56,54221.21,390.00,115830.00,147.43,5
Сухоцветы,00177165698772,,апельсин сушеный,шт,87.00,0.00,0.00,87.00,8.61,749.07,25.00,2175.00,148.43,5
Сухоцветы,00077,,Амарантус сухоцвет,шт,148.00,0.00,0.00,148.00,84.62,12523.32,340.00,50320.00,305.81,5
Сьедобные товары,00177165698836,,мандарины,шт,10.00,0.00,0.00,10.00,238.38,2383.76,500.00,5000.00,143.96,5
Сьедобные товары,00177165698937,,клубника в шоколаде 20 шт,шт,1.00,0.00,0.00,1.00,1960.35,1960.35,2500.00,2500.00,62.60,5
Сьедобные товары,00177165698936,,клубника в шоколаде 12 шт,шт,-2.00,0.00,0.00,-2.00,0.00,0.00,1750.00,-3500.00,0.00,5
Сьедобные товары,0017716524,,Уп. для вазы,шт,28.00,0.00,0.00,28.00,23.00,644.00,60.00,1680.00,390.04,5
Сьедобные товары,00177165698721,,Тейп-лента,шт,22.00,0.00,0.00,22.00,126.15,2775.30,0.00,0.00,208.09,5
Сьедобные товары,00177165698967,,спрей редлендс,шт,23.00,0.00,0.00,23.00,152.10,3498.30,340.00,7820.00,18.73,5
Сьедобные товары,00177165698720,,Скотч,шт,2.00,0.00,0.00,2.00,480.00,960.00,0.00,0.00,317.18,5
Сьедобные товары,00177165698731,,Скабиоза,шт,48.00,0.00,0.00,48.00,71.73,3442.86,250.00,12000.00,276.20,5
Сьедобные товары,00177165698732,,скабиоза,шт,5.00,0.00,0.00,5.00,0.00,0.00,0.00,0.00,151.31,5
Сьедобные товары,00177165698673,,Секатор ножницы,шт,47.00,0.00,0.00,47.00,282.23,13265.00,500.00,23500.00,190.09,5
Сьедобные товары,00177165698834,,Свеча,шт,7.00,0.00,0.00,7.00,102.94,720.59,250.00,1750.00,145.52,5
Сьедобные товары,00177165699016,,сапонария,шт,21.00,0.00,0.00,21.00,80.88,1698.50,180.00,3780.00,35.74,5
Сьедобные товары,00177165699011,,ранункулюс Ош,шт,22.00,0.00,0.00,22.00,74.56,1640.33,240.00,5280.00,36.45,5
Сьедобные товары,00177165699029,,ранункулюс Голландия,шт,2.00,0.00,0.00,2.00,80.84,161.68,180.00,360.00,11.76,5
Сьедобные товары,00177031,,Работа флориста(свадебные),шт,-22.00,0.00,0.00,-22.00,0.00,0.00,500.00,-11000.00,0.00,5
Сьедобные товары,00171,,Работа флориста,шт,-117.00,0.00,0.00,-117.00,0.00,0.00,500.00,-58500.00,0.00,5
Сьедобные товары,00177165698856,,пленка матовая,шт,8.00,0.00,0.00,8.00,568.06,4544.47,0.00,0.00,124.34,5
Сьедобные товары,00177165699010,,пальма,шт,20.00,0.00,0.00,20.00,44.88,897.52,135.00,2700.00,11.78,5
Сьедобные товары,00177165699008,,пакет окошко трепеция,шт,200.00,0.00,0.00,200.00,71.18,14235.89,150.00,30000.00,63.62,5
Сьедобные товары,00177165698977,,Открытки,шт,-11.00,0.00,0.00,-11.00,0.00,0.00,50.00,-550.00,0.00,5
Сьедобные товары,00177165699030,,орхидея цимбидиум,шт,-1.00,0.00,0.00,-1.00,0.00,0.00,2600.00,-2600.00,0.00,5
Сьедобные товары,00177165698830,,орхидея поштучно,шт,3.00,2.00,0.00,5.00,114.00,570.00,330.00,1650.00,4.84,6
Сьедобные товары,00177165698933,,орхидея ветка,шт,-20.00,0.00,0.00,-20.00,0.00,0.00,2300.00,-46000.00,0.00,6
Сьедобные товары,00177165698929,,Микс букет на выбор флориста,шт,-1.00,0.00,0.00,-1.00,0.00,0.00,0.00,0.00,0.00,6
Сьедобные товары,00177165698831,,лоропеталум,шт,2.00,0.00,0.00,2.00,339.89,679.77,750.00,1500.00,147.82,6
Сьедобные товары,00177165698976,,Креативные боксы или композиции в коробках из 3 тюльпан,шт,-3.00,0.00,0.00,-3.00,0.00,0.00,0.00,0.00,0.00,6
Сьедобные товары,00177165698857,,кохия,шт,5.00,0.00,0.00,5.00,140.09,700.47,320.00,1600.00,134.78,6
Сьедобные товары,00177165698971,,коробка бренд 19 см,шт,24.00,0.00,0.00,24.00,250.00,6000.00,570.00,13680.00,84.71,6
Сьедобные товары,00177165698972,,коробка бренд 19*25,шт,30.00,0.00,0.00,30.00,300.00,9000.00,670.00,20100.00,84.09,6
Сьедобные товары,00177165698970,,коробка бренд 17 см,шт,24.00,0.00,0.00,24.00,220.00,5280.00,500.00,12000.00,84.71,6
Сьедобные товары,00177165698864,,корзина овал 40 см,шт,-4.00,0.00,0.00,-4.00,0.00,0.00,1550.00,-6200.00,0.00,6
Сьедобные товары,00177165698863,,корзина круглая 52 см,шт,-1.00,0.00,0.00,-1.00,0.00,0.00,2000.00,-2000.00,0.00,6
Сьедобные товары,00177165698862,,корзина круглая 47 см,шт,-4.00,0.00,0.00,-4.00,0.00,0.00,1650.00,-6600.00,0.00,6
Сьедобные товары,00177165698814,,корзина круглая,шт,1.00,0.00,0.00,1.00,0.00,0.00,0.00,0.00,148.43,6
Сьедобные товары,00177165698975,,корзина круг 35 см,шт,-1.00,0.00,0.00,-1.00,0.00,0.00,1220.00,-1220.00,0.00,6
Сьедобные товары,00177165698952,,корзина 68 см,шт,1.00,0.00,0.00,1.00,1567.12,1567.12,3500.00,3500.00,82.58,6
Сьедобные товары,00177165698951,,корзина 56 см,шт,-1.00,0.00,0.00,-1.00,0.00,0.00,2500.00,-2500.00,0.00,6
Сьедобные товары,00177165699004,,композа,шт,-5.00,0.00,0.00,-5.00,0.00,0.00,0.00,0.00,0.00,6
Сьедобные товары,00177165698965,,грунт,шт,-8.00,0.00,0.00,-8.00,0.00,0.00,200.00,-1600.00,0.00,6
Сьедобные товары,00177165698962,,Гиацинт луковица,шт,-8.00,0.00,0.00,-8.00,0.00,0.00,270.00,-2160.00,0.00,6
Сьедобные товары,00177165699019,,гербера Китай,шт,150.00,0.00,0.00,150.00,48.47,7270.00,130.00,19500.00,3.88,6
Сьедобные товары,00177165699038,,ваза фиолетовая S,шт,1.00,0.00,0.00,1.00,1381.49,1381.49,3050.00,3050.00,7.90,6
Сьедобные товары,00177165699039,,ваза фиолетовая M,шт,1.00,0.00,0.00,1.00,1724.34,1724.34,3780.00,3780.00,7.90,6
Сьедобные товары,00177165699037,,ваза синяя,шт,2.00,0.00,0.00,2.00,1692.07,3384.14,3690.00,7380.00,7.90,6
Сьедобные товары,00177165698740,,Ваза пластик S 25см,шт,2.00,0.00,0.00,2.00,160.00,320.00,500.00,1000.00,148.43,6
Сьедобные товары,00177165698903,,ваза пластик 20 см,шт,1.00,0.00,0.00,1.00,214.98,214.98,600.00,600.00,60.59,6
Сьедобные товары,00177165698899,,Бокс для тюльпанов маленький,шт,219.00,0.00,0.00,219.00,36.16,7920.03,220.00,48180.00,95.02,6
Сьедобные товары,00177165699043,,антуриум маленький,шт,15.00,0.00,0.00,15.00,237.27,3559.00,530.00,7950.00,3.99,6
